"Over","Under","CBO","SBC","Smote","B_Smote1","B_Smote2","Safe_Smote","ADASYN","MBS_linear","MBS_CART","MBS_SVR"
0.00219999999998436,0.00149999999998727,0.0101000000000204,0.003799999999992,0.00640000000003056,0.0181000000000222,0.314800000000014,0.0172999999999865,0.017799999999952,0.115300000000007,0.285100000000002,0.382900000000063
0.000799999999999272,0.00290000000000873,0.00539999999999964,0.00339999999999236,0.00160000000001673,0.00510000000000218,0.0685000000000218,0.00529999999997017,0.00399999999999636,0.0306000000000313,0.0613999999999396,0.0592000000000644
0.0108000000000629,0.0100999999999749,0.0594999999999891,0.0300000000000273,0.036899999999996,0.436500000000015,2.29929999999988,0.432500000000082,0.439000000000078,1.5006999999999,5.94390000000004,19.7977
0.00130000000001019,0.00120000000002619,0.0092000000000553,0.00229999999999563,0.00130000000002838,0.00379999999997381,0.0307000000001244,0.00340000000001965,0.00339999999996508,0.0874999999998909,0.159800000000087,0.110599999999904
0.0364999999999418,0.0232000000001608,0.393499999999985,0.135199999999913,0.0376000000000204,0.431999999999916,0.471600000000108,0.445799999999981,0.448399999999983,0.165100000000039,0.276899999999987,0.227999999999993
0.00230000000001382,0.00339999999996508,0.019199999999928,0.00460000000002765,0.00510000000002037,0.0119000000000415,0.380399999999954,0.0115999999999258,0.0100000000000182,1.17529999999999,1.99470000000005,4.74360000000001
0.0018000000000211,0.00229999999995925,0.0136999999999716,0.00519999999996799,0.00700000000000728,0.0161000000000058,0.213900000000049,0.0171000000000458,0.017699999999877,0.3946000000001,0.850499999999993,1.63749999999993
0.126400000000176,0.0813000000000284,0.760400000000773,0.523100000000159,0.812399999998597,3.17340000000011,46.8911999999997,3.26229999999981,3.9706000000006,0.933600000000642,6.81000000000033,2297.0749
