"Data","Execution_time"
"Pima",2.43616666666665
"Haberman",0.827333333333339
"Satimage",54.1851666666667
"Ecoli",1.139
"shuttle",13.316
"Ionosphere",14.6953333333333
"Vehicle",5.96616666666666
"Credit",3961.7885
