"Method","AUC_mean","AUC_std","AUC_rank"
"Original",0.761843675213089,0,4
"MBSBoost",0.950598200999787,0.00293446904574419,1
"RUSBoost",0.929462545686445,0.00567747176205587,3
"UnderBagging",0.935211469097791,0.00373882467322551,2
