"Method","AUC_mean","AUC_std","AUC_rank"
"Original",0.973277027027027,0,4
"MBSBoost",0.973748552123552,0.00772656809898958,3
"RUSBoost",0.980726592664093,0.00532000671172914,1
"UnderBagging",0.977237451737452,0.00403530034304775,2
