"MBSBoost","RUSBoost","UnderBagging"
5.02899999999999,1.1451,0.539600000000005
1.37410000000002,0.2829,0.11869999999999
68.6521,16.2022000000001,2.10350000000004
2.74779999999999,0.33690000000006,0.107599999999875
78.1115999999999,36.8802,0.292300000000159
27.0100000000001,1.67869999999984,0.833500000000058
11.1905000000003,1.56819999999992,0.53089999999982
403.2993,128.7156,10.2004999999996
