"Method","AUC_mean","AUC_std","AUC_rank"
"Original",0.923494687131051,0,2
"MBSBoost",0.940976977567887,0.0115682859599274,1
"RUSBoost",0.780658205430933,0.10450621997473,4
"UnderBagging",0.921759149940968,0.013708018292612,3
