"Method","AUC_mean","AUC_std","AUC_rank"
"Original",0.679511784511785,0,3
"MBSBoost",0.655762626262626,0.0210477844999771,4
"RUSBoost",0.680388888888889,0.0241853572552569,2
"UnderBagging",0.684850168350168,0.0185538875038494,1
