"Data","Execution_time"
"Pima",13.4635
"Haberman",3.76833333333333
"Satimage",191.303666666667
"Ecoli",6.37599999999999
"shuttle",308.882333333333
"Ionosphere",52.5301666666666
"Vehicle",25.9513333333334
"Credit",1296.72083333333
