"Method","AUC_mean","AUC_std","AUC_rank"
"Original",0.838671023965142,0,4
"MBSBoost",0.95440522875817,0.0127885408826001,3
"RUSBoost",0.96827559912854,0.0071734785318128,1
"UnderBagging",0.962717864923747,0.00671878794290261,2
