"Method","AUC_mean","AUC_std","AUC_rank"
"Original",0.824578703703704,0,1
"MBSBoost",0.801915740740741,0.00939910100174036,4
"RUSBoost",0.808019907407407,0.00951184314061872,3
"UnderBagging",0.810578935185185,0.00637943448424299,2
