"Method","AUC_mean","AUC_std","AUC_rank"
"Original",0.699475807487616,0,2
"MBSBoost",0.762085640849514,0.0172289869395003,1
"RUSBoost",0.649167256244649,0.036632156091256,4
"UnderBagging",0.670393528374751,0.0393261108251296,3
