"Original","MBSBoost","RUSBoost","UnderBagging"
0.824578703703704,0.801915740740741,0.808019907407407,0.810578935185185
0.679511784511785,0.655762626262626,0.680388888888889,0.684850168350168
0.761843675213089,0.950598200999787,0.929462545686445,0.935211469097791
0.923494687131051,0.940976977567887,0.780658205430933,0.921759149940968
0.867779982743745,0.999866566005177,0.5,0.5
0.838671023965142,0.95440522875817,0.96827559912854,0.962717864923747
0.973277027027027,0.973748552123552,0.980726592664093,0.977237451737452
0.699475807487616,0.762085640849514,0.649167256244649,0.670393528374751
