"Original","MBSBoost","RUSBoost","UnderBagging"
0,0.00939910100174036,0.00951184314061872,0.00637943448424299
0,0.0210477844999771,0.0241853572552569,0.0185538875038494
0,0.00293446904574419,0.00567747176205587,0.00373882467322551
0,0.0115682859599274,0.10450621997473,0.013708018292612
0,0.00014026131977221,0,0
0,0.0127885408826001,0.0071734785318128,0.00671878794290261
0,0.00772656809898958,0.00532000671172914,0.00403530034304775
0,0.0172289869395003,0.036632156091256,0.0393261108251296
