"Original","Over","Under","CBO","SBC","Smote","B_Smote1","B_Smote2","Safe_Smote","ADASYN","MBS_linear","MBS_CART","MBS_SVR"
0.824578703703704,0.824163888888889,0.82250462962963,0.799365277777778,0.820873611111111,0.823828703703704,0.822559722222222,0.823196296296296,0.824814814814815,0.822416666666667,0.825423611111111,0.819429166666667,0.820788425925926
0.679511784511785,0.680535353535354,0.680020202020202,0.561171717171717,0.659272727272727,0.682498316498316,0.685377104377104,0.685424242424242,0.683888888888889,0.680350168350168,0.687309764309764,0.676249158249158,0.674397306397306
0.761843675213089,0.761151915573506,0.761062188423586,0.751363838964281,0.749224341875184,0.761319952547812,0.757721694975691,0.757391586836818,0.762536789160055,0.75431796051594,0.764451059788385,0.752467033758254,0.764811442697369
0.923494687131051,0.919728453364817,0.919155844155844,0.905242030696576,0.903547815820543,0.923252656434475,0.925885478158205,0.924805194805195,0.926959858323495,0.917733175914994,0.92956906729634,0.926511216056671,0.926977567886659
0.867779982743745,0.869594434857636,0.86980595340811,0.836969650560828,0.883748727351165,0.868402804141501,0.872650625539258,0.876851402070751,0.868851941328732,0.886133628127696,0.890201919758412,0.883454033649698,0.889041242450388
0.838671023965142,0.842462962962963,0.811159041394335,0.816995642701525,0.795159041394335,0.837288671023965,0.852962962962963,0.849354030501089,0.851074074074074,0.854143790849673,0.866117647058824,0.856976034858388,0.854348583877996
0.973277027027027,0.973654681467181,0.970296573359073,0.986235521235521,0.971611486486487,0.983570704633205,0.989848455598456,0.992972972972973,0.980930260617761,0.990474903474904,0.988182915057915,0.991974420849421,0.981176158301158
0.699475807487616,0.700438803426316,0.700541828421564,0.696118869082518,0.706248393160103,0.700343744602326,0.699585072778739,0.699609769463677,0.699340329498416,0.701087283634944,0.717766963875775,0.66006758517132,0.649274137041158
