"Original","Over","Under","CBO","SBC","Smote","B_Smote1","B_Smote2","Safe_Smote","ADASYN","MBS_linear","MBS_CART","MBS_SVR"
0,0.00327269497053912,0.00534626498924632,0.0134080908711048,0.00703550260436393,0.00144339927034625,0.0016707548305749,0.00102021192162328,0.00140967718220659,0.00162392521409049,0.000431169438442553,0.00232323147792492,0.000583874710398482
0,0.0091242703246972,0.0136445141578308,0.0222625844171998,0.0179470985090893,0.00310042021226087,0.0051573054362457,0.00185205745576551,0.00491544387192768,0.00396370707801612,7.08681702736232e-05,0.00143691572620609,8.78455855704111e-05
0,0.00256128598677846,0.00228336433435417,0.00496064052742922,0.00866077091758957,0.00187844906744392,0.002066136902007,0.000947498543769898,0.00136892242938088,0.00179266479998962,0.00128098216725374,0.00243174794568211,0.00101458837624358
0,0.00524351980501103,0.0102782152742424,0.0147098102215469,0.0223795135219681,0.00267736179035098,0.00293123508369603,0.00200022895497587,0.00239260100164623,0.00307715143981826,0.0014302315640073,0.00192183235207074,0.00158351852035272
0,0.0108914799332161,0.0158458539085439,0.0146462519829419,0.0218960050066087,0.0174894384104329,0.0182145417122773,0.00725159528395611,0.0128201827045266,0.0182372238787182,0.00538891255833533,0.00825467612291605,0.00864687519665157
0,0.0148365008496476,0.0342915406263772,0.0310609175127142,0.0405911295592445,0.0590237907985593,0.0430539912944343,0.023283380428396,0.0183673309685295,0.040354869624802,0.00498425621250699,0.0152294852788926,0.00767994867449441
0,0.00229966927257533,0.0167896356688772,0.00404125935336893,0.0122289664216936,0.00946346103660753,0.0060852215484123,0.000752823821416853,0.00798109125769703,0.00426497011029857,0.000658114363371454,0.00101242854031434,0.00224045373171718
0,0.000321950057201011,0.000329338400731608,0.00388930670248679,0.0241269488270206,8.75394770371978e-05,8.19156419841456e-05,4.5977032090149e-05,0.000125474821711633,6.36249513728467e-05,0.0150269055042902,0.000278253709086851,0.000379337646900025
